--------- VNF instances ---------

INSERT INTO app_vnf_instance(vnf_id, vnf_instance_name, vnf_instance_description, vnfd_id, vnf_provider,
vnf_product_name, vnf_software_version, vnfd_version, vnf_pkg_id, instantiation_state, cluster_name, namespace,
current_life_cycle_operation_id, supported_operations, oss_topology, instantiate_oss_topology, add_node_oss_topology, added_to_oss,
combined_values_file, combined_additional_params, policies, resource_details, mano_controlled_scaling, temp_instance, override_global_registry,
metadata, alarm_supervision_status, clean_up_resources, is_heal_supported, sitebasic_file, oss_node_protocol_file, sensitive_info, bro_endpoint_url,
vnf_info_modifiable_attributes_extensions, instantiation_level, crd_namespace, is_rel4, helm_client_version)
VALUES ('d3def1ce-4cf4-477c-aab3-21c454e6a250', 'testVnfInstanceName250', 'testVnfInstanceDescription250', 'testVnfInstanceDescriptorId250',
'testVnfProviderName250', 'testVnfProductName250', 'testVnfSoftwareVersion250', 'testVnfdVersion250', 'testVnfPackageId250',
'NOT_INSTANTIATED', 'testClusterName250', 'testNamespace250', 'd3def1ce-4cf4-477c-aab3-21c454e6a350', '[
      {
        "operationName": "instantiate",
        "supported": true,
        "errorMessage": null
      },
      {
        "operationName": "terminate",
        "supported": true,
        "errorMessage": null
      },
      {
        "operationName": "heal",
        "supported": true,
        "errorMessage": null
      },
      {
        "operationName": "change_package",
        "supported": true,
        "errorMessage": null
      },
      {
        "operationName": "scale",
        "supported": true,
        "errorMessage": null
      }
    ]',
'testOssTopology250', '{"testInstantiateOssTopology250":"test"}', 'testAddNodeOssTopology250', true, 'testCombinedValuesFile250',
'testCombinedAdditionalParams250', 'testPolicies250', 'testResourceDetails250', true, 'testTempInstance250', true, '{"testMetadata250":"test"}',
'testAlarmSupervisionStatus250', true, true, 'testSitebasicFile250', 'testOssNodeProtocolFile250', 'testSensitiveInfo250', 'testBroEndpointUrl250',
'{"testVnfInfoModifiableAttributesExtensions250":"test"}', 'testInstantiationLevel250', 'testCrdNamespace250', true, 'testHelmClientVersion250');


INSERT INTO app_vnf_instance(vnf_id, vnf_instance_name, vnf_instance_description, vnfd_id, vnf_provider,
vnf_product_name, vnf_software_version, vnfd_version, vnf_pkg_id, instantiation_state, cluster_name, namespace,
current_life_cycle_operation_id, supported_operations, oss_topology, instantiate_oss_topology, add_node_oss_topology, added_to_oss,
combined_values_file, combined_additional_params, policies, resource_details, mano_controlled_scaling, temp_instance, override_global_registry,
metadata, alarm_supervision_status, clean_up_resources, is_heal_supported, sitebasic_file, oss_node_protocol_file, sensitive_info, bro_endpoint_url,
vnf_info_modifiable_attributes_extensions, instantiation_level, crd_namespace, is_rel4, helm_client_version)
VALUES ('d3def1ce-4cf4-477c-aab3-21c454e6a251', 'testVnfInstanceName251', 'testVnfInstanceDescription251', 'testVnfInstanceDescriptorId251',
'testVnfProviderName251', 'testVnfProductName251', 'testVnfSoftwareVersion251', 'testVnfdVersion251', 'testVnfPackageId251',
'NOT_INSTANTIATED', 'testClusterName251', 'testNamespace251', 'd3def1ce-4cf4-477c-aab3-21c454e6a352', '[
      {
        "operationName": "instantiate",
        "supported": true,
        "errorMessage": null
      },
      {
        "operationName": "terminate",
        "supported": true,
        "errorMessage": null
      },
      {
        "operationName": "heal",
        "supported": true,
        "errorMessage": null
      },
      {
        "operationName": "change_package",
        "supported": true,
        "errorMessage": null
      },
      {
        "operationName": "scale",
        "supported": true,
        "errorMessage": null
      }
    ]',
'testOssTopology251', '{"testInstantiateOssTopology251":"test"}', 'testAddNodeOssTopology251', true, 'testCombinedValuesFile251',
'testCombinedAdditionalParams251', 'testPolicies251', 'testResourceDetails251', true, 'testTempInstance251', true, '{"testMetadata251":"test"}',
'testAlarmSupervisionStatus251', true, true, 'testSitebasicFile251', 'testOssNodeProtocolFile251', 'testSensitiveInfo251', 'testBroEndpointUrl251',
'{"testVnfInfoModifiableAttributesExtensions251":"test"}', 'testInstantiationLevel251', 'testCrdNamespace251', true, 'testHelmClientVersion251');

INSERT INTO app_vnf_instance(vnf_id, vnf_instance_name, vnf_instance_description, vnfd_id, vnf_provider,
vnf_product_name, vnf_software_version, vnfd_version, vnf_pkg_id, instantiation_state, cluster_name, namespace,
current_life_cycle_operation_id, supported_operations, oss_topology, instantiate_oss_topology, add_node_oss_topology, added_to_oss,
combined_values_file, combined_additional_params, policies, resource_details, mano_controlled_scaling, temp_instance, override_global_registry,
metadata, alarm_supervision_status, clean_up_resources, is_heal_supported, sitebasic_file, oss_node_protocol_file, sensitive_info, bro_endpoint_url,
vnf_info_modifiable_attributes_extensions, instantiation_level, crd_namespace, is_rel4, helm_client_version)
VALUES ('d3def1ce-4cf4-477c-aab3-21c454e6a252', 'testVnfInstanceName252', 'testVnfInstanceDescription252', 'testVnfInstanceDescriptorId252',
'testVnfProviderName252', 'testVnfProductName252', 'testVnfSoftwareVersion252', 'testVnfdVersion252', 'testVnfPackageId252',
'NOT_INSTANTIATED', 'testClusterName252', 'testNamespace252', 'd3def1ce-4cf4-477c-aab3-21c454e6a354', '[
      {
        "operationName": "instantiate",
        "supported": true,
        "errorMessage": null
      },
      {
        "operationName": "terminate",
        "supported": true,
        "errorMessage": null
      },
      {
        "operationName": "heal",
        "supported": true,
        "errorMessage": null
      },
      {
        "operationName": "change_package",
        "supported": true,
        "errorMessage": null
      },
      {
        "operationName": "scale",
        "supported": true,
        "errorMessage": null
      }
    ]',
'testOssTopology252', '{"testInstantiateOssTopology252":"test"}', 'testAddNodeOssTopology252', true, 'testCombinedValuesFile252',
'testCombinedAdditionalParams252', 'testPolicies252', 'testResourceDetails252', true, 'testTempInstance252', true, '{"testMetadata252":"test"}',
'testAlarmSupervisionStatus252', true, true, 'testSitebasicFile252', 'testOssNodeProtocolFile252', 'testSensitiveInfo252', 'testBroEndpointUrl252',
'{"testVnfInfoModifiableAttributesExtensions252":"test"}', 'testInstantiationLevel252', 'testCrdNamespace252', true, 'testHelmClientVersion252');

--------- LCM operations ---------

INSERT INTO app_lifecycle_operations(operation_occurrence_id, vnf_instance_id, operation_state, state_entered_time,
start_time, grant_id, lifecycle_operation_type, automatic_invocation, operation_params, cancel_pending, cancel_mode, error,
values_file_params, vnf_software_version, vnf_product_name, combined_values_file, combined_additional_params,
resource_details, scale_info_entities, source_vnfd_id, target_vnfd_id, delete_node_failed, delete_node_error_message,
delete_node_finished, application_timeout, expired_application_time, set_alarm_supervision_error_message, downsize_allowed, is_auto_rollback_allowed,
rollback_failure_pattern, vnf_info_modifiable_attributes_extensions, instantiation_level, rollback_pattern,
username, helm_client_version)
VALUES ('d3def1ce-4cf4-477c-aab3-21c454e6a350', 'd3def1ce-4cf4-477c-aab3-21c454e6a250', 'STARTING',
'2024-03-31 12:30:45-08', '2024-03-31 12:30:45-08', 'testGrantId350', 'INSTANTIATE', true, '{"testOperationParams350":"test"}', false,
'FORCEFUL', null,'testValuesFileParams350', 'testVnfSoftwareVersion350', 'testVnfProductName350', 'testCombinedValuesFile350',
'testCombinedAdditionalParams350','{"testResourceDetails350":1}', '{"testScaleInfoEntities350":"test"}', 'testSourceVnfdId350', 'testTargetVnfdId350',
true, 'testDeleteNodeErrorMessage350',true, '1500', '2024-03-31 12:31:45-08', 'testSetAlarmSupervisionErrorMessage350', true, true,
'testRollbackFailurePattern350', 'testVnfInfoModifiableAttributesExtensions350', 'testInstantiationLevel350', 'testRollbackPattern350',
'testUsername350', 'testHelmClientVersion350');

INSERT INTO app_lifecycle_operations(operation_occurrence_id, vnf_instance_id, operation_state, state_entered_time,
start_time, grant_id, lifecycle_operation_type, automatic_invocation, operation_params, cancel_pending, cancel_mode, error,
values_file_params, vnf_software_version, vnf_product_name, combined_values_file, combined_additional_params,
resource_details, scale_info_entities, source_vnfd_id, target_vnfd_id, delete_node_failed, delete_node_error_message,
delete_node_finished, application_timeout, expired_application_time, set_alarm_supervision_error_message, downsize_allowed, is_auto_rollback_allowed,
rollback_failure_pattern, vnf_info_modifiable_attributes_extensions, instantiation_level, rollback_pattern,
username, helm_client_version)
VALUES ('d3def1ce-4cf4-477c-aab3-21c454e6a351', 'd3def1ce-4cf4-477c-aab3-21c454e6a250', 'STARTING',
'2024-03-31 12:30:45-08', '2024-03-31 12:30:45-08', 'testGrantId351', 'INSTANTIATE', true, '{"testOperationParams351":"test"}', false, 'GRACEFUL', null,
'testValuesFileParams351', 'testVnfSoftwareVersion351', 'testVnfProductName351', 'testCombinedValuesFile351', 'testCombinedAdditionalParams351',
'{"testResourceDetails351":1}', '{"testScaleInfoEntities351":"test"}', 'testSourceVnfdId351', 'testTargetVnfdId351', true, 'testDeleteNodeErrorMessage351',
true, '1500', '2024-03-31 12:31:45-08', 'testSetAlarmSupervisionErrorMessage351', true, true,
'testRollbackFailurePattern351', 'testVnfInfoModifiableAttributesExtensions351', 'testInstantiationLevel351', 'testRollbackPattern351',
'testUsername351', 'testHelmClientVersion351');

INSERT INTO app_lifecycle_operations(operation_occurrence_id, vnf_instance_id, operation_state, state_entered_time,
start_time, grant_id, lifecycle_operation_type, automatic_invocation, operation_params, cancel_pending, cancel_mode, error,
values_file_params, vnf_software_version, vnf_product_name, combined_values_file, combined_additional_params,
resource_details, scale_info_entities, source_vnfd_id, target_vnfd_id, delete_node_failed, delete_node_error_message,
delete_node_finished, application_timeout, expired_application_time, set_alarm_supervision_error_message, downsize_allowed, is_auto_rollback_allowed,
rollback_failure_pattern, vnf_info_modifiable_attributes_extensions, instantiation_level, rollback_pattern,
username, helm_client_version)
VALUES ('d3def1ce-4cf4-477c-aab3-21c454e6a352', 'd3def1ce-4cf4-477c-aab3-21c454e6a251', 'STARTING',
'2024-03-31 12:30:45-08', '2024-03-31 12:30:45-08', 'testGrantId352', 'INSTANTIATE', true, '{"testOperationParams352":"test"}', false,
'FORCEFUL', null, 'testValuesFileParams352', 'testVnfSoftwareVersion352', 'testVnfProductName352', 'testCombinedValuesFile352',
'testCombinedAdditionalParams352', '{"testResourceDetails352":1}', '{"testScaleInfoEntities352":"test"}', 'testSourceVnfdId352',
'testTargetVnfdId352', true, 'testDeleteNodeErrorMessage352',true, '1500', '2024-03-31 12:31:45-08', 'testSetAlarmSupervisionErrorMessage352',
true, true, 'testRollbackFailurePattern352', 'testVnfInfoModifiableAttributesExtensions352', 'testInstantiationLevel352', 'testRollbackPattern352',
'testUsername352', 'testHelmClientVersion352');

INSERT INTO app_lifecycle_operations(operation_occurrence_id, vnf_instance_id, operation_state, state_entered_time,
start_time, grant_id, lifecycle_operation_type, automatic_invocation, operation_params, cancel_pending, cancel_mode, error,
values_file_params, vnf_software_version, vnf_product_name, combined_values_file, combined_additional_params,
resource_details, scale_info_entities, source_vnfd_id, target_vnfd_id, delete_node_failed, delete_node_error_message,
delete_node_finished, application_timeout, expired_application_time, set_alarm_supervision_error_message, downsize_allowed, is_auto_rollback_allowed,
rollback_failure_pattern, vnf_info_modifiable_attributes_extensions, instantiation_level, rollback_pattern,
username, helm_client_version)
VALUES ('d3def1ce-4cf4-477c-aab3-21c454e6a353', 'd3def1ce-4cf4-477c-aab3-21c454e6a251', 'STARTING',
'2024-03-31 12:30:45-08', '2024-03-31 12:30:45-08', 'testGrantId353', 'INSTANTIATE', true, '{"testOperationParams353":"test"}', false, 'GRACEFUL', null,
'testValuesFileParams353', 'testVnfSoftwareVersion353', 'testVnfProductName353', 'testCombinedValuesFile353', 'testCombinedAdditionalParams353',
'{"testResourceDetails353":1}', '{"testScaleInfoEntities353":"test"}', 'testSourceVnfdId353', 'testTargetVnfdId353', true, 'testDeleteNodeErrorMessage353',
true, '1500', '2024-03-31 12:31:45-08', 'testSetAlarmSupervisionErrorMessage353', true, true,
'testRollbackFailurePattern353', 'testVnfInfoModifiableAttributesExtensions353', 'testInstantiationLevel353', 'testRollbackPattern353',
'testUsername353', 'testHelmClientVersion353');

INSERT INTO app_lifecycle_operations(operation_occurrence_id, vnf_instance_id, operation_state, state_entered_time,
start_time, grant_id, lifecycle_operation_type, automatic_invocation, operation_params, cancel_pending, cancel_mode, error,
values_file_params, vnf_software_version, vnf_product_name, combined_values_file, combined_additional_params,
resource_details, scale_info_entities, source_vnfd_id, target_vnfd_id, delete_node_failed, delete_node_error_message,
delete_node_finished, application_timeout, expired_application_time, set_alarm_supervision_error_message, downsize_allowed, is_auto_rollback_allowed,
rollback_failure_pattern, vnf_info_modifiable_attributes_extensions, instantiation_level, rollback_pattern,
username, helm_client_version)
VALUES ('d3def1ce-4cf4-477c-aab3-21c454e6a354', 'd3def1ce-4cf4-477c-aab3-21c454e6a252', 'STARTING',
'2024-03-31 12:30:45-08', '2024-03-31 12:30:45-08', 'testGrantId354', 'INSTANTIATE', true, '{"testOperationParams354":"test"}', false, 'FORCEFUL',
null,'testValuesFileParams354', 'testVnfSoftwareVersion354', 'testVnfProductName354', 'testCombinedValuesFile354', 'testCombinedAdditionalParams354',
'{"testResourceDetails354":1}', '{"testScaleInfoEntities354":"test"}', 'testSourceVnfdId354', 'testTargetVnfdId354', true,
'testDeleteNodeErrorMessage354', true, '1500', '2024-03-31 12:31:45-08', 'testSetAlarmSupervisionErrorMessage354', true, true,
'testRollbackFailurePattern354', 'testVnfInfoModifiableAttributesExtensions354', 'testInstantiationLevel354', 'testRollbackPattern354',
'testUsername354', 'testHelmClientVersion354');

INSERT INTO app_lifecycle_operations(operation_occurrence_id, vnf_instance_id, operation_state, state_entered_time,
start_time, grant_id, lifecycle_operation_type, automatic_invocation, operation_params, cancel_pending, cancel_mode, error,
values_file_params, vnf_software_version, vnf_product_name, combined_values_file, combined_additional_params,
resource_details, scale_info_entities, source_vnfd_id, target_vnfd_id, delete_node_failed, delete_node_error_message,
delete_node_finished, application_timeout, expired_application_time, set_alarm_supervision_error_message, downsize_allowed, is_auto_rollback_allowed,
rollback_failure_pattern, vnf_info_modifiable_attributes_extensions, instantiation_level, rollback_pattern,
username, helm_client_version)
VALUES ('d3def1ce-4cf4-477c-aab3-21c454e6a355', 'd3def1ce-4cf4-477c-aab3-21c454e6a252', 'STARTING',
'2024-03-31 12:30:45-08', '2024-03-31 12:30:45-08', 'testGrantId355', 'INSTANTIATE', true, '{"testOperationParams355":"test"}', false, 'GRACEFUL', null,
'testValuesFileParams355', 'testVnfSoftwareVersion355', 'testVnfProductName355', 'testCombinedValuesFile355', 'testCombinedAdditionalParams355',
'{"testResourceDetails355":1}', '{"testScaleInfoEntities355":"test"}', 'testSourceVnfdId355', 'testTargetVnfdId355', true, 'testDeleteNodeErrorMessage355',
true, '1500', '2024-03-31 12:31:45-08', 'testSetAlarmSupervisionErrorMessage355', true, true,
'testRollbackFailurePattern355', 'testVnfInfoModifiableAttributesExtensions355', 'testInstantiationLevel355', 'testRollbackPattern355',
'testUsername355', 'testHelmClientVersion355');

--------- Helm Charts ---------

INSERT INTO helm_chart(id, helm_chart_name, helm_chart_version, helm_chart_type, helm_chart_artifact_key,
helm_chart_url, priority, release_name, revision_number, state, retry_count, delete_pvc_state, downsize_state,
replica_details, vnf_id)
VALUES ('d3def1ce-4cf4-477c-aab3-21c454e6a450', 'testHelmChartName450', 'testHelmChartVersion450', 'CNF', 'testHelmChartArtifactKey450',
'testHelmChartUrl450', 1, 'testReleaseName450', 'testRevisionNumber450', 'testState450', 3, 'testDeletePvcState450', 'testDownsizeState450',
'testReplicaDetails450', 'd3def1ce-4cf4-477c-aab3-21c454e6a250');

INSERT INTO helm_chart(id, helm_chart_name, helm_chart_version, helm_chart_type, helm_chart_artifact_key,
helm_chart_url, priority, release_name, revision_number, state, retry_count, delete_pvc_state, downsize_state,
replica_details, vnf_id)
VALUES ('d3def1ce-4cf4-477c-aab3-21c454e6a451', 'testHelmChartName451', 'testHelmChartVersion451', 'CNF', 'testHelmChartArtifactKey451',
'testHelmChartUrl451', 0, 'testReleaseName451', 'testRevisionNumber451', 'testState451', 2, 'testDeletePvcState451', 'testDownsizeState451',
'testReplicaDetails451', 'd3def1ce-4cf4-477c-aab3-21c454e6a250');

INSERT INTO helm_chart(id, helm_chart_name, helm_chart_version, helm_chart_type, helm_chart_artifact_key,
helm_chart_url, priority, release_name, revision_number, state, retry_count, delete_pvc_state, downsize_state,
replica_details, vnf_id)
VALUES ('d3def1ce-4cf4-477c-aab3-21c454e6a452', 'testHelmChartName452', 'testHelmChartVersion452', 'CNF', 'testHelmChartArtifactKey452',
'testHelmChartUrl452', 1, 'testReleaseName452', 'testRevisionNumber452', 'testState452', 3, 'testDeletePvcState452', 'testDownsizeState452',
'testReplicaDetails452', 'd3def1ce-4cf4-477c-aab3-21c454e6a251');

INSERT INTO helm_chart(id, helm_chart_name, helm_chart_version, helm_chart_type, helm_chart_artifact_key,
helm_chart_url, priority, release_name, revision_number, state, retry_count, delete_pvc_state, downsize_state,
replica_details, vnf_id)
VALUES ('d3def1ce-4cf4-477c-aab3-21c454e6a453', 'testHelmChartName453', 'testHelmChartVersion453', 'CNF', 'testHelmChartArtifactKey453',
'testHelmChartUrl453', 0, 'testReleaseName453', 'testRevisionNumber453', 'testState453', 2, 'testDeletePvcState453', 'testDownsizeState453',
'testReplicaDetails453', 'd3def1ce-4cf4-477c-aab3-21c454e6a251');

INSERT INTO helm_chart(id, helm_chart_name, helm_chart_version, helm_chart_type, helm_chart_artifact_key,
helm_chart_url, priority, release_name, revision_number, state, retry_count, delete_pvc_state, downsize_state,
replica_details, vnf_id)
VALUES ('d3def1ce-4cf4-477c-aab3-21c454e6a454', 'testHelmChartName454', 'testHelmChartVersion454', 'CNF', 'testHelmChartArtifactKey454',
'testHelmChartUrl454', 1, 'testReleaseName454', 'testRevisionNumber454', 'testState454', 3, 'testDeletePvcState454', 'testDownsizeState454',
'testReplicaDetails454', 'd3def1ce-4cf4-477c-aab3-21c454e6a252');

INSERT INTO helm_chart(id, helm_chart_name, helm_chart_version, helm_chart_type, helm_chart_artifact_key,
helm_chart_url, priority, release_name, revision_number, state, retry_count, delete_pvc_state, downsize_state,
replica_details, vnf_id)
VALUES ('d3def1ce-4cf4-477c-aab3-21c454e6a455', 'testHelmChartName455', 'testHelmChartVersion455', 'CNF', 'testHelmChartArtifactKey455',
'testHelmChartUrl455', 0, 'testReleaseName455', 'testRevisionNumber455', 'testState455', 2, 'testDeletePvcState455', 'testDownsizeState455',
'testReplicaDetails455', 'd3def1ce-4cf4-477c-aab3-21c454e6a252');

--------- Terminated Helm Charts ---------

INSERT INTO terminated_helm_chart(id, helm_chart_name, helm_chart_version, helm_chart_type, helm_chart_artifact_key,
helm_chart_url, priority, release_name, revision_number, state, retry_count, delete_pvc_state, downsize_state,
replica_details, vnf_id, life_cycle_operation_id)
VALUES ('d3def1ce-4cf4-477c-aab3-21c454e6a650', 'testHelmChartName650', 'testHelmChartVersion650', 'CNF', 'testHelmChartArtifactKey650',
'testHelmChartUrl650', 1, 'testReleaseName650', 'testRevisionNumber650', 'testState650', 3, 'testDeletePvcState650', 'testDownsizeState650',
'testReplicaDetails650', 'd3def1ce-4cf4-477c-aab3-21c454e6a250', 'd3def1ce-4cf4-477c-aab3-21c454e6a350');

INSERT INTO terminated_helm_chart(id, helm_chart_name, helm_chart_version, helm_chart_type, helm_chart_artifact_key,
helm_chart_url, priority, release_name, revision_number, state, retry_count, delete_pvc_state, downsize_state,
replica_details, vnf_id, life_cycle_operation_id)
VALUES ('d3def1ce-4cf4-477c-aab3-21c454e6a651', 'testHelmChartName651', 'testHelmChartVersion651', 'CNF', 'testHelmChartArtifactKey651',
'testHelmChartUrl651', 0, 'testReleaseName651', 'testRevisionNumber651', 'testState651', 2, 'testDeletePvcState651', 'testDownsizeState651',
'testReplicaDetails651', 'd3def1ce-4cf4-477c-aab3-21c454e6a250', 'd3def1ce-4cf4-477c-aab3-21c454e6a351');

INSERT INTO terminated_helm_chart(id, helm_chart_name, helm_chart_version, helm_chart_type, helm_chart_artifact_key,
helm_chart_url, priority, release_name, revision_number, state, retry_count, delete_pvc_state, downsize_state,
replica_details, vnf_id, life_cycle_operation_id)
VALUES ('d3def1ce-4cf4-477c-aab3-21c454e6a652', 'testHelmChartName652', 'testHelmChartVersion652', 'CNF', 'testHelmChartArtifactKey652',
'testHelmChartUrl652', 1, 'testReleaseName652', 'testRevisionNumber652', 'testState652', 3, 'testDeletePvcState652', 'testDownsizeState652',
'testReplicaDetails652', 'd3def1ce-4cf4-477c-aab3-21c454e6a251', 'd3def1ce-4cf4-477c-aab3-21c454e6a352');

INSERT INTO terminated_helm_chart(id, helm_chart_name, helm_chart_version, helm_chart_type, helm_chart_artifact_key,
helm_chart_url, priority, release_name, revision_number, state, retry_count, delete_pvc_state, downsize_state,
replica_details, vnf_id, life_cycle_operation_id)
VALUES ('d3def1ce-4cf4-477c-aab3-21c454e6a653', 'testHelmChartName653', 'testHelmChartVersion653', 'CNF', 'testHelmChartArtifactKey653',
'testHelmChartUrl653', 0, 'testReleaseName653', 'testRevisionNumber653', 'testState653', 2, 'testDeletePvcState653', 'testDownsizeState653',
'testReplicaDetails653', 'd3def1ce-4cf4-477c-aab3-21c454e6a251', 'd3def1ce-4cf4-477c-aab3-21c454e6a353');

INSERT INTO terminated_helm_chart(id, helm_chart_name, helm_chart_version, helm_chart_type, helm_chart_artifact_key,
helm_chart_url, priority, release_name, revision_number, state, retry_count, delete_pvc_state, downsize_state,
replica_details, vnf_id, life_cycle_operation_id)
VALUES ('d3def1ce-4cf4-477c-aab3-21c454e6a654', 'testHelmChartName654', 'testHelmChartVersion654', 'CNF', 'testHelmChartArtifactKey654',
'testHelmChartUrl654', 1, 'testReleaseName654', 'testRevisionNumber654', 'testState654', 3, 'testDeletePvcState654', 'testDownsizeState654',
'testReplicaDetails654', 'd3def1ce-4cf4-477c-aab3-21c454e6a252', 'd3def1ce-4cf4-477c-aab3-21c454e6a354');

INSERT INTO terminated_helm_chart(id, helm_chart_name, helm_chart_version, helm_chart_type, helm_chart_artifact_key,
helm_chart_url, priority, release_name, revision_number, state, retry_count, delete_pvc_state, downsize_state,
replica_details, vnf_id, life_cycle_operation_id)
VALUES ('d3def1ce-4cf4-477c-aab3-21c454e6a655', 'testHelmChartName655', 'testHelmChartVersion655', 'CNF', 'testHelmChartArtifactKey655',
'testHelmChartUrl655', 0, 'testReleaseName655', 'testRevisionNumber655', 'testState655', 2, 'testDeletePvcState655', 'testDownsizeState655',
'testReplicaDetails655', 'd3def1ce-4cf4-477c-aab3-21c454e6a252', 'd3def1ce-4cf4-477c-aab3-21c454e6a355');

--------- Scale Info ---------

INSERT INTO scale_info(scale_info_id, vnf_instance_id, aspect_id, scale_level)
VALUES ('d3def1ce-4cf4-477c-aab3-21c454e6a550', 'd3def1ce-4cf4-477c-aab3-21c454e6a250', 'Aspect1', 0);
INSERT INTO scale_info(scale_info_id, vnf_instance_id, aspect_id, scale_level)
VALUES ('d3def1ce-4cf4-477c-aab3-21c454e6a551', 'd3def1ce-4cf4-477c-aab3-21c454e6a250', 'Aspect3', 2);
INSERT INTO scale_info(scale_info_id, vnf_instance_id, aspect_id, scale_level)
VALUES ('d3def1ce-4cf4-477c-aab3-21c454e6a552', 'd3def1ce-4cf4-477c-aab3-21c454e6a251', 'Aspect1', 0);
INSERT INTO scale_info(scale_info_id, vnf_instance_id, aspect_id, scale_level)
VALUES ('d3def1ce-4cf4-477c-aab3-21c454e6a553', 'd3def1ce-4cf4-477c-aab3-21c454e6a251', 'Aspect3', 2);
INSERT INTO scale_info(scale_info_id, vnf_instance_id, aspect_id, scale_level)
VALUES ('d3def1ce-4cf4-477c-aab3-21c454e6a554', 'd3def1ce-4cf4-477c-aab3-21c454e6a252', 'Aspect1', 0);
INSERT INTO scale_info(scale_info_id, vnf_instance_id, aspect_id, scale_level)
VALUES ('d3def1ce-4cf4-477c-aab3-21c454e6a555', 'd3def1ce-4cf4-477c-aab3-21c454e6a252', 'Aspect3', 2);